id,nama_produk,kategori,brand,model,harga_usd,stok,deskripsi
P001,Logitech G102 Lightsync Gaming Mouse,Mouse,Logitech,G102 Lightsync,24.99,45,Mouse gaming kabel dengan sensor optik 8000 DPI, 6 tombol yang bisa diprogram, lampu RGB Lightsync, desain ergonomis ringan (85g). Cocok untuk gaming kompetitif maupun pemakaian sehari-hari.
P002,Logitech MX Master 3S Wireless Mouse,Mouse,Logitech,MX Master 3S,99.99,20,Mouse wireless premium untuk produktivitas dengan sensor 8000 DPI silent click, scroll MagSpeed elektromagnetik, koneksi multi-device Bluetooth hingga 3 perangkat, baterai tahan 70 hari. Kompatibel Windows dan Mac.
P003,Razer DeathAdder V3 Gaming Mouse,Mouse,Razer,DeathAdder V3,69.99,18,Mouse gaming kabel ergonomis dengan sensor Focus Pro 30000 DPI, switch optik Gen-3 Razer, desain ultra-ringan 59g, 6 tombol yang bisa diprogram. Cocok untuk tangan besar dan grip gaya palm atau claw.
P004,Logitech M170 Wireless Mouse,Mouse,Logitech,M170,14.99,60,Mouse wireless entry-level dengan koneksi nano USB receiver 2.4GHz, baterai AA tahan hingga 12 bulan, desain kompak ambidextrous. Cocok untuk penggunaan kantor dan pelajar.
P005,Redragon M711 Cobra Gaming Mouse,Mouse,Redragon,M711 Cobra,19.99,35,Mouse gaming kabel dengan sensor PMW3325 12400 DPI, 7 tombol yang bisa diprogram, lampu RGB 16.8 juta warna, berat yang dapat disesuaikan (6 bobot tambahan). Pilihan gaming terjangkau.
P006,Redragon K552 Kumara Mechanical Keyboard,Keyboard,Redragon,K552 Kumara,39.99,30,Keyboard mechanical tenkeyless (87 tombol) dengan switch Outemu Red (linear, senyap), anti-ghosting penuh, lampu LED merah, konstruksi logam yang kokoh. Pilihan mechanical budget terbaik.
P007,Logitech MK470 Slim Wireless Keyboard and Mouse Combo,Keyboard,Logitech,MK470,49.99,25,Combo keyboard + mouse wireless tipis dan senyap dengan koneksi USB nano receiver tunggal, jangkauan 10 meter, baterai keyboard tahan 36 bulan, mouse tahan 18 bulan. Cocok untuk penggunaan kantor dan rumah.
P008,Royal Kludge RK84 Wireless Mechanical Keyboard,Keyboard,Royal Kludge,RK84,64.99,22,Keyboard mechanical 75% (84 tombol) dengan koneksi triple-mode (Bluetooth 5.0 / 2.4GHz / kabel USB-C), switch RK Brown (taktil), lampu RGB, hot-swap switch, baterai 4000mAh. Cocok untuk produktivitas dan gaming.
P009,Keychron K2 Wireless Mechanical Keyboard,Keyboard,Keychron,K2,89.99,15,Keyboard mechanical 75% (84 tombol) dengan koneksi Bluetooth 5.1 dan kabel, kompatibel Windows & Mac (ada key khusus Mac), pilihan switch Gateron (Red/Blue/Brown), lampu RGB white backlit, baterai 4000mAh.
P010,Razer BlackWidow V3 TKL Mechanical Gaming Keyboard,Keyboard,Razer,BlackWidow V3 TKL,109.99,12,Keyboard gaming tenkeyless (87 tombol) dengan switch Razer Yellow (linear ultra-senyap), lampu Chroma RGB per-tombol, anti-ghosting 100%, media key dedicated, build quality premium aluminium top plate.
P011,HyperX Cloud Stinger 2 Gaming Headset,Headset,HyperX,Cloud Stinger 2,39.99,40,Headset gaming kabel dengan driver 40mm, mikrofon flip-to-mute, cushion ear cup memory foam, bobot ringan 275g, kompatibel PC, PS4/PS5, Xbox, Nintendo Switch. Konektor 3.5mm.
P012,Logitech G432 Gaming Headset,Headset,Logitech,G432,49.99,28,Headset gaming kabel dengan driver 50mm, audio DTS Headphone:X 2.0 surround sound, mikrofon cardioid flip-up, ear cup busa besar melingkupi telinga penuh, kompatibel PC, PS4, Xbox, Nintendo Switch.
P013,Razer Kraken X Ultralight Gaming Headset,Headset,Razer,Kraken X,34.99,32,Headset gaming kabel ringan 250g dengan driver 40mm custom-tuned, audio 7.1 surround sound (PC), mikrofon bendable cardioid, ear cushion memory foam oval, konektor 3.5mm multi-platform.
P014,Sony WH-1000XM5 Wireless Headphones,Headset,Sony,WH-1000XM5,279.99,8,Headphone wireless premium dengan noise-cancelling terbaik di kelasnya, driver 30mm, baterai tahan 30 jam, pengisian cepat (3 menit = 3 jam pakai), multipoint Bluetooth (2 perangkat sekaligus), cocok untuk WFH dan perjalanan.
P015,JBL Quantum 100 Gaming Headset,Headset,JBL,Quantum 100,39.99,22,Headset gaming kabel entry-level dengan driver 40mm JBL QuantumSOUND, mikrofon flip-up, ear cup over-ear yang nyaman, kompatibel multi-platform (PC, mobile, konsol) via 3.5mm, desain warna hitam merah yang stylish.
P016,Logitech C270 HD Webcam,Webcam,Logitech,C270,29.99,50,Webcam 720p/30fps dengan mikrofon built-in noise-reducing, kabel USB 1.5m, kompatibel plug-and-play (Windows, Mac, ChromeOS), klip universal yang bisa dipasang di monitor atau laptop. Pilihan terjangkau untuk video call.
P017,Logitech C920 HD Pro Webcam,Webcam,Logitech,C920,69.99,20,Webcam Full HD 1080p/30fps atau 720p/60fps dengan lensa kaca Carl Zeiss, autofocus, dual mikrofon stereo, kompatibel dengan Zoom, Teams, Meet. Cocok untuk streaming, vlogging, dan meeting profesional.
P018,Razer Kiyo Pro Webcam,Webcam,Razer,Kiyo Pro,99.99,10,Webcam Full HD 1080p/60fps dengan sensor CMOS 1/2.8 inci adaptive light sensor (performa bagus di cahaya rendah), HDR, autofocus adaptif, plug-and-play USB 3.0. Pilihan premium untuk konten kreator dan profesional.
P019,ASUS VA24EHE 24" Full HD Monitor,Monitor,ASUS,VA24EHE,149.99,14,Monitor IPS 24 inci Full HD (1920x1080) 75Hz, waktu respons 5ms, HDMI + VGA, flicker-free, Low Blue Light, VESA mountable. Desain frameless 3 sisi, cocok untuk kerja dan multimedia.
P020,LG 27MP400 27" IPS Monitor,Monitor,LG,27MP400,199.99,10,Monitor IPS 27 inci Full HD (1920x1080) 75Hz, waktu respons 5ms, AMD FreeSync, HDMI + DisplayPort + VGA, warna sRGB 99%, desain 3-side borderless. Cocok untuk kreator konten dan kerja harian.
P021,Samsung 27" Odyssey G3 Gaming Monitor,Monitor,Samsung,Odyssey G3,229.99,8,Monitor gaming VA 27 inci Full HD (1920x1080) 165Hz, waktu respons 1ms, AMD FreeSync Premium, HDMI 2.0 + DisplayPort 1.2, height-adjustable stand, desain bezel tipis. Pilihan terbaik untuk gaming budget.
P022,Anker 7-in-1 USB-C Hub,USB Hub,Anker,A83460A1,35.99,38,USB-C hub 7-port: HDMI 4K@30Hz, 3x USB-A 3.0, SD & microSD card reader, USB-C Power Delivery 85W. Kompatibel MacBook, laptop Windows, Chromebook. Desain compact plug-and-play tanpa driver.
P023,Ugreen USB 3.0 Hub 4-Port,USB Hub,Ugreen,CM219,19.99,55,USB hub 4-port USB 3.0 kecepatan transfer hingga 5Gbps, desain flat compact, kabel 1m, kompatibel Windows, Mac, Linux. Mendukung pengisian daya perangkat hingga 0.9A per port.
P024,Baseus USB-C Docking Station 9-in-1,USB Hub,Baseus,CATMDQ-G0G,54.99,16,Docking station USB-C 9-in-1: dual HDMI 4K, 3x USB-A 3.0, USB-C PD 100W, SD & microSD reader, Ethernet RJ45 1Gbps, jack audio 3.5mm. Cocok untuk setup dual monitor dan kerja produktif.
P025,Anker PowerCore 10000 Power Bank,Power Bank,Anker,A1263,25.99,45,Power bank 10000mAh dengan PowerIQ 2.0 (pengisian cepat), 2x USB-A output (max 18W total), 1x micro-USB input, compact 180g, bersertifikat airline-safe. Cukup untuk 2–3x pengisian penuh smartphone.
P026,Baseus Adaman Metal Power Bank 20000mAh,Power Bank,Baseus,PPIMDA-A01,44.99,25,Power bank 20000mAh dengan pengisian cepat 65W, 2x USB-A + 1x USB-C, display LED persentase baterai, bodi aluminum premium, mendukung pass-through charging. Cocok untuk laptop dan multi-perangkat.
P027,Xiaomi 33W Power Bank 10000mAh,Power Bank,Xiaomi,PB100DPDZM,19.99,35,Power bank 10000mAh slim dengan pengisian cepat 33W (USB-C dan USB-A), input USB-C 33W, bodi plastik ringan 210g, kompatibel berbagai smartphone Android dan iPhone.
P028,Samsung 870 EVO 500GB SATA SSD,Storage,Samsung,MZ-77E500,64.99,20,SSD SATA III 500GB dengan kecepatan baca 560MB/s dan tulis 530MB/s, teknologi V-NAND 3-bit MLC, garansi 5 tahun / TBW 300TB. Pilihan terbaik untuk upgrade laptop/PC lama.
P029,WD Blue SN570 500GB NVMe SSD,Storage,WD,WDS500G3B0C,54.99,18,SSD NVMe PCIe Gen3 500GB dengan kecepatan baca 3500MB/s dan tulis 3000MB/s, format M.2 2280, garansi 5 tahun / TBW 300TB. Pilihan upgrade performa tinggi untuk laptop dan PC desktop.
P030,Kingston NV2 1TB NVMe SSD,Storage,Kingston,SNV2S/1000G,74.99,15,SSD NVMe PCIe Gen4 1TB dengan kecepatan baca 3500MB/s, format M.2 2280, garansi 3 tahun. Pilihan penyimpanan besar dengan harga terjangkau untuk gaming dan penyimpanan file.
P031,Samsung T7 1TB Portable SSD,Storage,Samsung,MU-PC1T0T,99.99,12,SSD portable 1TB dengan kecepatan baca 1050MB/s dan tulis 1000MB/s via USB 3.2 Gen2, desain compact 58g, tersedia koneksi USB-C dan USB-A, tahan guncangan, garansi 3 tahun.
P032,Adjustable Aluminum Laptop Stand,Laptop Aksesoris,Generic,LS-PRO,24.99,40,Stand laptop aluminum adjustable 6 sudut kemiringan (0°–60°), kompatibel laptop 10–15.6 inci, desain foldable portable, non-slip feet, bobot 600g. Membantu postur leher saat bekerja.
P033,MOFT Z Invisible Laptop Stand,Laptop Aksesoris,MOFT,MS006,29.99,22,Stand laptop ultra-tipis (2mm saat tertutup) dengan teknologi self-adhesive reversible (bisa dipasang dan dilepas berkali-kali), bahan fiberglass, 2 sudut ketinggian, mendukung laptop hingga 15.6 inci dan berat 8.8 lbs.
P034,Havit HV-F2056 Laptop Cooling Pad,Laptop Aksesoris,Havit,HV-F2056,24.99,30,Cooling pad laptop dengan 3 kipas besar (140mm) senyap, kecepatan 1000RPM, mendukung laptop 14–17 inci, 2x USB-A pass-through, ketinggian 6 level adjustable, desain mesh aluminium tipis.
P035,Cooler Master NotePal X3 Gaming Cooling Pad,Laptop Aksesoris,Cooler Master,R9-NBC-NPX3,34.99,18,Cooling pad gaming dengan 1 kipas besar 200mm PWM yang bisa dikontrol kecepatannya, mendukung laptop hingga 17 inci, LED biru, 2x USB-A hub, sudut kemiringan adjustable, permukaan mesh.
P036,Anker USB-C to USB-C Cable (6ft / 240W),Kabel & Adapter,Anker,A81F5,15.99,60,Kabel USB-C to USB-C 1.8m mendukung pengisian cepat USB PD hingga 240W, transfer data USB 2.0, bahan anyaman nilon tahan lama, kompatibel MacBook, laptop, smartphone.
P037,Anker USB-C to USB-A Cable (6ft),Kabel & Adapter,Anker,A81F4,12.99,65,Kabel USB-C ke USB-A 1.8m mendukung pengisian cepat hingga 18W (Quick Charge 3.0), transfer data USB 3.0 5Gbps, bahan anyaman nilon, kompatibel smartphone Android dan aksesori USB-C.
P038,Ugreen HDMI 2.0 Cable 2m,Kabel & Adapter,Ugreen,HD104,9.99,80,Kabel HDMI 2.0 2 meter mendukung 4K@60Hz, HDR, 18Gbps bandwidth, kompatibel TV, monitor, laptop, PS5, Xbox. Konektor berlapis emas, pelindung anyaman nilon.
P039,Ugreen USB-C to HDMI Adapter 4K,Kabel & Adapter,Ugreen,CM106,14.99,45,Adapter USB-C ke HDMI mendukung 4K@60Hz, plug-and-play tanpa driver, kompatibel MacBook, laptop Windows/Chromebook dengan port USB-C / Thunderbolt 3/4. Desain compact aluminum.
P040,Baseus Thunderbolt 4 Cable (1m 40Gbps),Kabel & Adapter,Baseus,CATCK-0G,29.99,15,Kabel Thunderbolt 4 / USB4 1 meter mendukung 40Gbps data transfer, 100W PD charging, 8K display output, kompatibel Thunderbolt 3/4 dan USB-C. Cocok untuk docking station dan monitor eksternal premium.
